カテゴリー,年号,日付,本文ソース
お知らせ,2025,2025年5月21日,"<a href=""https://www.odex-telex.jp/lp/index.php"" target=""_blank"">「デジタル化・DX推進展」に出展いたします。<br>透過型XRグラス・セミナー（事前申込制）、LCM運用サービス、テレマティクスの展示や生成AIのワークショップも開催。イベント参加登録はこちらから。</a>"
新製品ニュース ,2025,2025年3月25日,"<a href=""/press-release/20250325.html"">AIと先進デバイスで実現する今後のソリューションビジネス方針<br>－生成AIの導入支援サービスの受注開始、AIドラレコの収集データが見える
ポータルサイトアップデート、PC運用におけるAI活用の拡張について－
			</a>"
コンテンツ公開更新のお知らせ,2025,2025年3月18日,"<a href=""/solution/dynaschool/event/edix2025/index.html"">第16回　EDIX（教育総合展）東京ページを公開しました。</a>"
新製品ニュース ,2025,2025年3月10日,"<a href=""/press-release/20250310.html"">透過型XRグラス「dynaEdge XR1」受注開始<br>－XR技術とAI技術を活用したソリューションで、人とコンピューティングの新しい関係性へ－
			</a>"
コンテンツ公開更新のお知らせ,2025,2025年2月19日,"<a href=""/business/jirei/jirei23/index.html"">お客様事例に「日本リーテック株式会社」様を掲載しました。</a>"
新製品ニュース ,2025,2025年2月12日,"<a href=""/press-release/20250212.html"">16.0型の大型液晶を搭載し、動画視聴や編集作業がより快適に。デザインも一新し、インテリアにもマッチする個人向けノートPCを商品化<br>－お客様ご自身でバッテリーの交換が可能な「セルフ交換バッテリー」を採用－
			</a>"
新製品ニュース ,2025,2025年2月6日,"<a href=""/press-release/20250206.html"">Dynabook 西日本LCMセンターを新たに設立<br>
            －新たに西日本に拠点を設けることで、作業受け入れキャパシティの拡大やリードタイム短縮に貢献－</a>"
新製品ニュース ,2025,2025年1月23日,"<a href=""/press-release/20250123.html"">「セルフ交換バッテリー」を採用し、
    「インテル<sup style=""vertical-align: super;font-size: 0.75em;"">®</sup> Core™ Ultraプロセッサー(シリーズ2)」を搭載したCopilot+ PC「dynabook XP9」を商品化<br>
    －法人のお客様向け「dynabook X94」も同時発表－</a>"
新製品ニュース ,2025,2025年1月21日,"<a href=""/press-release/20250121.html"">Dynabookから法人向けに、au回線を利用したMVNOサービス<br>
    「dynabook eSIM Startin’ 」を開始。データ通信4年間無制限の利用権付きモバイルPCを発売<br>
    －「dynabook X83/LY」をはじめ、対応モバイルノートPCを順次拡大予定－</a>"
新製品ニュース ,2025,2025年1月15日,"<a href=""/business-mobile-notebook-rj-series/rj73my-jan-2025-13-3-inch.html"">法人向け13.3型軽量・薄型プレミアムモバイルノートPC「dynabook RJ73/MY」<sup>*</sup>を新発売。インテル<sup>®</sup> Core™ Ultra プロセッサー搭載。高性能を軽量ボディに凝縮。</a>
<p style=""font-size: 0.85em; margin-top: 1em;"">*販売店様、リセラー様向けモデル</p>"
コンテンツ公開更新のお知らせ ,2024,2024年12月20日,"<a href=""/event/dynabookday/index.html"">「dynabook Days 2025」お申し込みページを公開しました。</a>"
コンテンツ公開更新のお知らせ ,2024,2024年12月17日,"<a href=""/brand/no1/index.html"">法人向けノートPCブランド別「国内シェアNo.1」ページを公開しました。</a>"
コンテンツ公開更新のお知らせ ,2024,2024年12月12日,"<a href=""/business/jirei/jirei22/index.html"">お客様事例に「島根県益田市」様を掲載しました。</a>"
新製品ニュース ,2024,2024年12月5日,"<a href=""/press-release/20241205.html"" style=""letter-spacing: -0.4px;"">Dynabookより、透過型XRグラス「dynaEdge XR1」発表<br>
    －両眼透過型タイプにより仮想UI表示領域を大幅に向上、さらなる現場DXの実現、働き方を変えるオフィスソリューションの提供、新たな体験価値の創出へ－</a>"
新製品ニュース ,2024,2024年11月29日,"<a href=""/press-release/20241129.html"" style=""letter-spacing: -0.4px;"">PC台帳管理システム「PCアセットモニタリングサービス」の機能をアップデート<br>
    －自動収集データ分析とお知らせ機能の提供を開始－</a>"
新製品ニュース ,2024,2024年11月28日,"<a href=""/press-release/20241128.html"" style=""letter-spacing: -0.4px;"">一回り大きい14型液晶画面と「セルフ交換バッテリー」機構を採用したプレミアムモバイルノートPC「dynabook X74」を商品化<br>
    －ダウンタイムの最小化とパフォーマンスの最大化を狙い14.0型モバイルPCラインアップ拡充－</a>"
新製品ニュース ,2024,2024年11月21日,"<a href=""/press-release/20241121.html"" style=""letter-spacing: -0.4px;"">10.1型液晶を搭載、2in1デタッチャブルタイプを採用した、Chromebook™「Dynabook Chromebook C70」の発売を開始 <br>
    －「GIGAスクール構想」第2期に対応、教育現場に望まれる堅牢性と使いやすさを徹底的に追求－</a>"
コンテンツ公開更新のお知らせ ,2024,2024年11月1日,"<a href=""/business/jirei/jirei21/index.html"">お客様事例に「大塚ビジネスサポート株式会社」様を掲載しました。</a>"
コンテンツ公開更新のお知らせ ,2024,2024年10月29日,"<a href=""/business/contents/win11-migration/index.html"">「Windows 11移行なら安心のDynabook」を公開しました。</a>"
新製品ニュース ,2024,2024年10月28日,"<a href=""/business-mobile-notebook-ga-series/ga83xy-aug-2024-13-3-inch.html"">法人向け13.3型軽量・薄型ハイスタンダードモバイルノートPC「dynabook GA83」にAMD製Ryzen™ 5 7430U プロセッサーCPU搭載モデルを追加</a>"
コンテンツ公開更新のお知らせ ,2024,2024年9月24日,"<a href=""/business/ai/ai-ready/index.html"">「dynabook Ready AI」を掲載しました。</a>"
お知らせ,2024,2024年8月29日,"<a href=""/press-release/20240829.html"">「日経コンピュータ パートナー満足度調査 2024」法人向けPC部門 1位、「日経BPガバメントテクノロジー 自治体ITシステム満足度調査 2023-2024」クライアントパソコン（ノートPC）部門1位と合わせ、３冠を達成しました。</a>"
新製品ニュース ,2024,2024年8月28日,"<a href=""/press-release/20240828.html"">高速処理性能や高いモビリティ性能を兼ね備えたプレミアムモバイルノートPCに、新たにAI専用エンジン内蔵のインテル<sup>®</sup> Core™ Ultra プロセッサーを搭載<br>
    －Copilotキーを搭載しPCラインアップ計22機種を刷新－</a>"
新製品ニュース ,2024,2024年6月26日,"<a href=""/press-release/20240626.html"">世界初<sup>*</sup>のノートPC「dynabook」誕生から、おかげさまで35周年<br>
    －AI時代も、人に寄り添う、真のパーソナルコンピュータを目指して－</a>
<p style=""font-size: 0.85em; margin-top: 1em;"">*1989年、世界初のノートPC「DynaBook J-3100 SS001」を発売。</p>"
コンテンツ公開更新のお知らせ ,2024,2024年6月26日,"<p><a href=""/brand/35th.html"">dynabook35周年記念スペシャルサイトを公開しました。</a>
</p>"
新製品ニュース ,2024,2024年4月23日,"高性能インテル<sup>®</sup> Core™ プロセッサー（シリーズ1）を選択できる13.3型スタンダードモバイルノート「<a href=""/business-mobile-notebook-sj-series/sj73lx-apr-2024-13-3-inch.html"">dynabook SJ73/LX</a>」と14.0型オフィス内モバイルノート「<a href=""/business-mobile-notebook-mj-series/mj64lx-apr-2024-14-0-inch.html"">dynabook MJ64/LX</a>」を法人向けラインアップに追加"
コンテンツ公開更新のお知らせ ,2024,2024年4月22日,"<a href=""/business/degitalexhibition-2024/index.html"">「dynabook Days 2024 デジタル展示会」を公開しました。</a>"
新製品ニュース ,2024,2024年4月17日,"<a href=""/press-release/20240417.html"">DynabookがChromebook™市場へ本格参入<br>
    － GIGAスクール構想第2期に向け、2in1デタッチャブル型Chromebook™<br>「Dynabook Chromebook C70」を商品化－</a>"
お知らせ,2024,2024年2月1日,"<a href=""/press-release/20240201.html"">Dynabookが「dynabook Days 2024」を開催<br>
    AIで未来を切り拓く、新たなイノベーションのご提案　最新XR技術や最新モデルを展示<br>
    －dynabook最新PCとAI活用ソリューション セミナー＆展示会－</a>"
新製品ニュース ,2024,2024年1月30日,"<a href=""/press-release/20240130.html"">高負荷なクリエイティブ作業を可能にする5 in 1プレミアムPenノートPC「dynabook V83/LX」を新発売<br>
    －インテル<sup>®</sup>第13世代CPU搭載で目的に合わせた多様な使い方がさらに便利に－</a>"
お知らせ,2024,2024年1月15日,"<b>【システムメンテナンスのお知らせ】</b><br>
下記の日程においてシステムメンテナンスを実施いたします。<br>
<b>メンテナンス期間： 2024年1月20日（土）AM0:00 ～ AM 3:20</b>　※若干前後する可能性がございます。<br>
メンテナンス期間中、当社ウェブサイトは一時的に正しく表示されない場合がございます。<br>
上記の時間帯避けてご利用いただければ幸いです。<br>
お客様には誠にご迷惑をおかけいたしますが、何卒よろしくご了承のほどお願い申し上げます。"
新製品ニュース ,2023,2023年12月5日,"<p><a href=""/b/catalog/dbi-462.pdf"" target=""_blank"">10.1型　2 in 1デタッチャブルノートPC「dynabook K70」を商品化</a></p>"
コンテンツ公開更新のお知らせ ,2023,2023年12月1日,"<p><a href=""/battery/jeita-list.html#business"">「JEITAバッテリ動作測定法による駆動時間一覧」を公開しました。
</a>
</p>"
コンテンツ公開更新のお知らせ ,2023,2023年12月1日,"<a href=""/solution/outsourcing/lcm/pc-asset.html"">PCアセットモニタリングサービスの機能を拡充しました。<br>PCの位置情報が確認できるようになりました。
</a>"
新製品ニュース ,2023,2023年11月15日,"<p><a href=""/press-release/20231115.html"">Dynabookより法人事業主向けに通信機能付きドライブレコーダーを活用したテレマティクスサービスを開始<br>
    －AIを活用した先進運転支援機能で業務用車両の安全運転に貢献－</a></p>"
お知らせ,2023,2023年11月1日,"<a href=""https://dynabook.com/press-release/20230718.html"">「dynabook X83 CHANGER」について、7月18日の発表時にキーストローク２ｍｍのキーボード搭載モデル、タッチ付きWUXGA液晶搭載モデル、LTE（4G）対応ワイヤレスWANモデルの発売を12月予定としておりましたが、LTE（4G）対応ワイヤレスWANモデルにつきましては、2024年3月発売予定に変更させていただきます。</a>"
新製品ニュース ,2023,2023年10月30日,"<p><a href=""/press-release/20231030.html"">dynabook X83 CHANGER向け「セルフ交換バッテリー」を提供する保守サービス「dynabook X83 バッテリー提供サービス」を提供開始<br>
    －サービス期間内、必要な時に、迅速に「セルフ交換バッテリー」をお届け－</a></p>"
新製品ニュース ,2023,2023年10月12日,"<p><a href=""/press-release/20231012.html"">dynabookにAMD製のRyzen™ 7000を搭載した法人向け13.3型軽量・薄型ハイスタンダードモバイルノートPCを新たに商品化<br>
    －法人向けモバイルノートPCのラインアップを大幅に強化拡充－</a></p>"
新製品ニュース ,2023,2023年9月13日,"<p><a href=""/press-release/20230913.html"">軽量・薄型の高品質ボディを採用しながら、最新のインテル<sup>®</sup>第13世代CPUの高速処理性能と堅牢性とを両立させたプレミアムモバイルノートPCを新発売<br>
    －インテル<sup>®</sup>最新CPU搭載4機種を含めた計16機種でラインアップを拡充－</a></p>"
新製品ニュース ,2023,2023年8月17日,"<p><a href=""/business/mecd/solution/ai-inspection.html#scene2"">画像認識AIソリューション 新機能「作業者動作検知機能」 をリリースしました。<br>
    詳細は製品ページ内 ""活用シーン②"" を参照ください。
</a></p>"
コンテンツ公開更新のお知らせ ,2023,2023年8月2日,"<a href=""/solution/outsourcing/lcm/pc-asset.html"">「PCアセットモニタリングサービス」ページを公開しました。</a>"
新製品ニュース ,2023,2023年7月18日,"<p><a href=""/press-release/20230718.html"">ビジネスのダウンタイムの最小化とパフォーマンスの最大化を狙ったモバイルノートPCとして、<br>
    「セルフ交換バッテリー」機構を採用した「dynabook X83」を発売</a></p>"
コンテンツ公開更新のお知らせ ,2023,2023年7月10日,"<a href=""/solution/car-telematics/drive-recorder/index.html"">「テレマティクスソリューション ドライブレコーダー」ページを公開しました。</a>"
コンテンツ公開更新のお知らせ ,2023,2023年7月7日,"<a href=""/business/mecd/solution/picking.html"">「dynaEdge ピッキング支援ソリューション」ページを公開しました。</a>"
新製品ニュース ,2023,2023年6月30日,"<p><a href=""/solution/security/withsecure/index.html"">エンドポイントセキュリティソリューション<br>
    WithSecure Elements Endpoint Protection Computer Editonの取り扱いを開始いたします。</a></p>"
コンテンツ公開更新のお知らせ ,2023,2023年6月30日,"<a href=""/solution/security/with-secure/index.html"">新商品WithSecure Elements Endpoint Protection Computer Editionのページを公開しました。</a><br><br>
<a href=""/business/contents/csp/microsoft365.html"">「Microsoft 365で変わる働き方改革」 ページ掲載情報を更新しました。</a>"
新製品ニュース ,2023,2023年6月29日,"<a href=""/press-release/20230629.html""> 15.6型液晶と第13世代インテル<sup>®</sup>CPUを搭載しながら薄型軽量化と高速処理とを両立した法人向けスリムモバイルノートPC「dynabook P55」を新発売<br>
    －光学ドライブ<sup>＊</sup>を搭載した大画面ビジネスノートPCを含め計3機種を新たに商品化－</a>
<p style=""font-size: 0.85em; margin-top: 1em;"">*DVDスーパーマルチドライブか、DVD-ROMドライブが選択できます。</p>"
お知らせ,2023,2023年6月26日,"【ウェブサイトメンテナンスのお知らせ】<br>
下記の日程においてウェブサイト（dynabook.com）のメンテナンスを実施いたします。メンテナンス期間中、当社ウェブサイトは一時的に正しく表示されない場合がございます。<br>
[メンテナンス期間] 2023年7月2日（日）AM 2:00 ～ AM 6:00<br>
<p class=""mente-stx"">※若干前後する可能性がございます。</p>
お客様には誠にご迷惑をおかけいたしますが、何卒よろしくご了承のほどお願い申し上げます。"
コンテンツ公開更新のお知らせ ,2023,2023年4月25日,"<a href=""/solution/outsourcing/lcm/index.html"">「LCM運用サービス」ページをリニューアルしました。</a>"
コンテンツ公開更新のお知らせ ,2023,2023年4月21日,"<a href=""/business/jirei/ict17/index.html"">お客様事例に「学校法人鹿島学園 鹿島学園高等学校」様を掲載しました。</a>"
コンテンツ公開更新のお知らせ ,2023,2023年3月28日,"<a href=""/business/jirei/jirei17/index.html"">お客様事例に「株式会社TKC」様を掲載しました。</a>"
新製品ニュース ,2023,2023年2月13日,"<a href=""/press-release/20230213.html"">
    自社工場にて稼働中「画像認識AI を利用した作業品質改善ソリューション」<br>製造業向けに4月より提供開始<br>
    －後戻り作業削減により生産効率アップ－</a>"
コンテンツ公開更新のお知らせ ,2023,2023年2月13日,"<a href=""/business/mecd/solution/ai-inspection.html"">PC生産工場から誕生した「AI 不適合品検査」と「AI 作業者動作検査」を公開しました。</a>"
コンテンツ公開更新のお知らせ ,2023,2023年2月7日,"<a href=""/event/dynabookday/index.html"">「dynabook Days 2023 Online」お申し込みページを公開しました。</a>"
新製品ニュース ,2022,2022年12月21日,"<a href=""/press-release/20221221.html"">
    PCの導入から廃棄までをDynabookが代行管理する<br>「ライフサイクルマネジメント運用サービス」を強化拡充<br>
    －新たに情報を集約管理するポータルサイトと「PC運用コンサル」の提供を開始－</a>"
新製品ニュース ,2022,2022年11月30日,"<a href=""/press-release/20221130.html"">
    長期間安定して使用できるWindows Embedded OSを搭載した<br>法人向けデスクトップPCを新発売</a>"
新製品ニュース ,2022,2022年11月7日,"<a href=""/press-release/20221107.html"">
    法人向けPC全ラインアップに最新バージョンのWindows 11 Proを搭載。<br>
    第12世代インテル<sup>®</sup> Core™ プロセッサーとその性能を引き出す<br>
    「エンパワーテクノロジー」搭載モデルを追加し、ラインアップを拡充<br>
    －第11世代インテル<sup>®</sup> Core™ プロセッサー搭載モデル等を含むPC新商品 計13機種を発表－</a>"
コンテンツ公開更新のお知らせ ,2022,2022年10月17日,"<a href=""/business/mecd/product/de200-mar-2022/minipc.html"">「手のひらサイズのWindows mini PC dynaEdge DE200」ページを公開しました。</a>"
コンテンツ公開更新のお知らせ ,2022,2022年10月12日,"<a href=""/business/jirei/ict16/index.html"">お客様事例に「大野城市教育委員会 」様を掲載しました。</a>"
コンテンツ公開更新のお知らせ ,2022,2022年9月6日,"<a href=""/business/jirei/jirei16/index.html"">お客様事例に「株式会社カナモト）」様を掲載しました。</a>"
新製品ニュース ,2022,2022年9月5日,"<a href=""/press-release/20220905.html"">
    14型液晶を搭載しながらも、13.3型並みの薄型・コンパクトボディ<br>法人向けモバイルノートPC「dynabook MJ64」が登場<br>
    －高速処理と充実の拡張性を両立したデスクトップPCも新たに投入－</a>"
新製品ニュース ,2022,2022年8月22日,"<a href=""/business-2in1-notebook/v83ku-mar-2022-13-3-inch-5in1-convertible.html"">法人向け5in１プレミアムPenノート　V83/KUにLTE対応ワイヤレスWAN搭載モデルを追加</a>"
新製品ニュース ,2022,2022年7月28日,"<a href=""/business-mobile-notebook-rj-series/rj74ku-jan-2022-14-0-inch.html"">法人向けプレミアムモバイルノートPC RJ74/KUにLTE対応ワイヤレスWAN搭載モデルを追加</a>"
コンテンツ公開更新のお知らせ ,2022,2022年7月8日,"<a href=""/business/jirei/jirei15/index.html"">お客様事例に「北海道ぎょれん（北海道漁業協同組合連合会）」様を掲載しました。</a>"
新製品ニュース ,2022,2022年7月1日,"<a href=""/press-release/20220701.html"">Dynabookより損害保険ジャパン株式会社の法人・個人事業主向け<br>
    事故防止サービスへ新型通信機能付きドライブレコーダーの供給を開始<br>
    ～事故防止活動支援機能を追加し、サービス刷新～</a>"
新製品ニュース ,2022,2022年6月29日,"<a href=""/business-notebook-b-series/b75hu-jun-2022-15-6-inch.html"">vProテクノロジー搭載の大画面ビジネスノートdynabook B75/HUを法人向けラインアップに追加</a>"
コンテンツ公開更新のお知らせ ,2022,2022年6月29日,"<a href=""/solution/outsourcing/win11-migration/replace.html"">「PCリプレース支援サービス」の移行先PCとしてWindows 10搭載PCを追加掲載しました。</a><br>
<br>
<a href=""/business/mecd/product/de200-mar-2022/index.html"">dynaEdge DE200に、LTE対応ワイヤレスWAN搭載モデル、製造ライン・医療分野・受付端末などの特定用途向けのWindows 10 IoT Enterpriseモデルを追加掲載しました。</a>"
コンテンツ公開更新のお知らせ ,2022,2022年6月22日,"<a href=""/business/seminar/mecd-seminar/form.html"">「dynaEdge ソリューション オンラインセミナー申し込みページ」を公開しました。</a>"
新製品ニュース ,2022,2022年6月20日,"<a href=""/business-mobile-notebook-g-series/g83ku-mar-2022-13-3-inch.html"">法人向けプレミアムモバイルノートPC G83/KUにLTE対応ワイヤレスWAN搭載モデルを追加</a>"
コンテンツ公開更新のお知らせ ,2022,2022年6月9日,"<a href=""/business/security_nist/index.html"">「セキュリティで選ぶならdynabook」を公開しました。</a>"
コンテンツ公開更新のお知らせ ,2022,2022年5月24日,"<a href=""/business/degitalexhibition-2022/index.html"">「Dynabook デジタル展示会」を公開しました。</a>"
新製品ニュース ,2022,2022年4月27日,"<a href=""/press-release/20220427.html"">企業向けWindows 11搭載 PCへのリプレース作業はDynabookへおまかせ<br>
    「PCリプレース支援サービス」を5月9日より提供開始<br>
    －まとまった台数でも効率の良いデータ移行作業を実現、IT生産性向上へ寄与－</a><br>
<br>
教育用モデルとして、10.1型液晶にWindows 10（Windows 11 Pro ダウングレード権行使。Windows 11へ無償アップグレードできます。<sup>*</sup>）を搭載した2in1デタッチャブルPC<a href=""https://dynabook.com/b/catalog/dbi-359.pdf"" target=""_blank"">「dynabook K60」「dynabook K50」</a>を拡充
<p style=""font-size: 0.85em; margin-top: 1em;line-height: 1.5;text-indent: -1em;padding-left: 1em;"">＊Windows 11へのアップグレードは2021年下旬～2022年に対象となるデバイスに提供される予定です。時期はデバイスによって異なります。 機能によっては特定のハードウェアが必要です（aka.ms/windows11-spec 参照）。</p>"
コンテンツ公開更新のお知らせ ,2022,2022年4月8日,"<a href=""/business/security_nist/index.html"">「NIST SP 800-193に準拠したPCを導入するならdynabook」を公開しました。</a>"
コンテンツ公開更新のお知らせ ,2022,2022年4月5日,"<a href=""/business/jirei/jirei14/index.html"">お客様事例に「小柳建設株式会社」様を掲載しました。</a>"
新製品ニュース ,2022,2022年3月16日,"<a href=""/press-release/20220316.html"">法人向け全ラインアップに最新OS Windows 11 Proを搭載<br>
    第12世代 インテル<sup>®</sup> CPU搭載<sup>注１</sup>モデルを追加しラインアップを拡充。<br>
    －インテル<sup>®</sup> Evo™モデルを含むハイブリッドワークを支えるPC新商品14機種を発表－</a>
<p style=""font-size: 0.85em; margin-top: 1em;"">注1：本製品に使われているプロセッサー（CPU）の処理能力は、お客様の本製品の使用状況により異なります。</p>"
お知らせ,2022,2022年2月17日,"<a href=""https://dynabook.com/info/20220217.pdf"" target=""_blank""> パッケージ型ＰＣ－ＬＣＭサービス「dynabookパッケージ」の提供開始 <img src=""/etc/designs/common/clientlibs/img/icon_link_01.svg"" alt=""別ウィンドウで開く""></a>"
新製品ニュース ,2022,2022年1月28日,"教育用モデルとして、10.1型液晶にWindows 11を搭載した2in1デタッチャブルPC<br>
「<a href=""/b/catalog/dbi-344.pdf"" target=""_blank"">dynabook K60</a>」「<a href=""/b/catalog/dbi-343.pdf"" target=""_blank"">dynabook K50</a>」を拡充"
新製品ニュース ,2022,2022年1月26日,"<a href=""/press-release/20220126.html"">世界初<sup>注１</sup>のノートPCメーカーDynabookが33年の技術と叡智を結集し、今の時代に求められるハイブリッドワーク向け14型ビジネスプレミアムモバイルPCを商品化<br>
    －第12世代 インテル<sup>®</sup> Core™ プロセッサーをいち早く搭載。「dynabook RJ74」－</a>
<p style=""font-size: 0.85em; margin-top: 1em;"">注1：1989年に世界初のノートPC「DynaBook J-3100SS001」を商品化。</p>"
コンテンツ公開更新のお知らせ ,2022,2022年1月25日,"<a href=""/business/jirei/jirei13/index.html"">お客様事例に「東京納品代行株式会社」様を掲載しました。</a><br>"
新製品ニュース ,2021,2021年12月20日,"<a href=""/business-mobile-notebook-p-series/p55ht-dec-2021-15-6-inch.html"">第11世代インテル<sup>®</sup> CPUを搭載した大画面スリムモバイルdynabook P55/HTを法人向けモバイルノートPCのラインアップに追加</a>"
コンテンツ公開更新のお知らせ ,2021,2021年12月17日,"<a href=""/event/dynabookday/index.html"">「dynabook Days 2022 Spring」お申し込みページを公開しました。</a><br>
<a href=""/solution/dynaschool/gigaschool/high-school.html"">「きみの学びが、世界を変える。高校生活に最適なPCの選び方のポイント」を公開しました。</a>"
コンテンツ公開更新のお知らせ ,2021,2021年12月6日,"<a href=""/business/jirei/jirei12/index.html"">お客様事例に「白鶴酒造株式会社」様を掲載しました。</a><br>"
コンテンツ公開更新のお知らせ ,2021,2021年12月3日,"<p><a href=""/business-mobile-notebook-g-series/g83fs-dec-2021-13-3-inch.html"">dynabook G83/FSの製品情報を追加掲載しました。</a></p>"
コンテンツ公開更新のお知らせ ,2021,2021年10月15日,"<p><a href=""/business/secured-core-pc/index.html"">Secured -core PCラインアップを公開しました。</a></p>"
コンテンツ公開更新のお知らせ ,2021,2021年10月12日,"<p><a href=""/business/mecd/event/nagoya_expo2021/index.html "">10月27日～29日開催の第4回[名古屋]スマート工場EXPOに出展致します。</a></p>"
お知らせ,2021,2021年10月1日,"<a href=""https://corporate.jp.sharp/news/211001-a.html"" target=""_blank""> Dynabookは「CEATEC 2021 ONLINE」シャープブースに出展します。<img src=""/etc/designs/common/clientlibs/img/icon_link_01.svg"" alt=""別ウィンドウで開く""></a>"
コンテンツ公開更新のお知らせ ,2021,2021年9月30日,"<p style=""margin-bottom:1em;""><a href=""/business/windows11-model-list/index.html"">「ビジネスを加速させる 新しいWindows 11とdynabook」を公開しました。</a></p>
<p style=""margin-bottom:1em;""><a href=""/business/contents/smb/index.html"">「Dynabookが提案する“未来へつながる変⾰サポート」を公開しました。</a> </p>"
新製品ニュース ,2021,2021年9月7日,"<a href=""/press-release/20210907.html"">現場の業務効率化と生産性向上へ、現場DXプラットフォームとしてさらに進化したモバイルエッジコンピューティングデバイス「dynaEdge DE200」を受注開始<br>
    －第11世代インテル<sup>®</sup> Core™ プロセッサーを搭載、「dynabook Edge AI エンジン」に対応－</a>"
コンテンツ公開更新のお知らせ ,2021,2021年9月7日,"<a href=""/business/mecd/index.html""> 「モバイルエッジ （dynaEdge）」ページをリニューアルしました。</a>"
新製品ニュース ,2021,2021年9月2日,"<a href=""/press-release/20210902.html"">新しいワークスタイルを新次元の高性能で支える5 in 1 プレミアムPenノートPC「dynabook V83/HS」に5G対応モデルを追加しラインアップを拡充<br>
    －新商品「dynabook B65/HS」も加えビジネスノートPCのラインアップを強化－</a>"
お知らせ,2021,2021年8月27日,"<a href=""/press-release/20210827.html"">当社における新型コロナウイルス感染者発生に関して</a><br>"
お知らせ,2021,2021年8月23日,"<a href=""/press-release/20210823.html""> 当社における新型コロナウイルス陽性者の発生について </a><br>"
お知らせ,2021,2021年8月18日,"<a href=""/press-release/20210818.html""> 当社における新型コロナウイルス陽性者の発生について </a><br>"
お知らせ,2021,2021年8月10日,"<a href=""/press-release/20210810.html""> 当社における新型コロナウイルス陽性者の発生について </a><br>"
お知らせ,2021,2021年8月5日,"<a href=""/press-release/20210805.html""> 当社における新型コロナウイルス陽性者の発生について </a><br>"
お知らせ,2021,2021年8月4日,"<a href=""/press-release/20210804.html""> 当社における新型コロナウイルス陽性者の発生について </a><br>"
コンテンツ公開更新のお知らせ ,2021,2021年8月3日,"<a href=""/solution/dynaschool/event/kansai2021/index.html"">「第6回 関西教育ICT展の出展情報」を公開しました。</a>"
新製品ニュース ,2021,2021年8月2日,"<a href=""/press-release/20210802.html"">ハイブリッド型ワークスタイルを促進するため働き方を可視化するソリューションdynaTeams「Job Canvas」の機能を大幅に強化<br>
    －Microsoftアカウントとの連携やスマートフォンでも利用可能に－</a>"
お知らせ,2021,2021年8月2日,"<a href=""/press-release/20210802-2.html""> 当社における新型コロナウイルス陽性者の発生について </a><br>"
お知らせ,2021,2021年7月29日,"<a href=""/press-release/20210729.html""> 当社における新型コロナウイルス陽性者の発生について </a><br>"
新製品ニュース ,2021,2021年7月27日,"<a href=""/press-release/20210727.html"">ご好評いただいているdynaTeams「かんたんテレワーク スターターパック」新たにMicrosoft Teamsで使える自動応答サポート機能を追加<br>
    －PCやクラウドの疑問をチャットボットで解決－</a>"
コンテンツ公開更新のお知らせ ,2021,2021年7月26日,"<a href=""/business/mecd/solution/enkakurinjou/index.html"">「dynaEdgeソリューションが実現する遠隔臨場」を公開しました。</a>"
コンテンツ公開更新のお知らせ ,2021,2021年7月14日,"<a href=""/solution/dynaschool/event/edix2021/form.html"">「第12回教育ITソリューションEXPO」のDynabookブースで行われた講演の動画を公開しました。</a>"
コンテンツ公開更新のお知らせ ,2021,2021年6月29日,"<a href=""/business/jirei/jirei11/index.html"">お客様事例に「トヨタ車体精工 様」様を掲載しました。</a><br>"
新製品ニュース ,2021,2021年6月14日,"<a href=""/press-release/20210614.html"">モバイルPCとしての携帯性や堅牢性と、ノートPCとしての高性能や拡張性を両立し、さまざまなビジネスシーンにマッチする14.0型オフィス内モバイルノートPC「dynabook MJ54/HS」を発売<br>
    －dynabookの「エンパワーテクノロジー」搭載で高負荷処理もスムーズに－</a>"
新製品ニュース ,2021,2021年6月8日,"スタンダードFHD液晶搭載モデルを法人向けモバイルノートPCのラインアップに追加<br>
<a href=""/business-mobile-notebook-g-series/g83hs-mar-2021-13-3-inch/spec.html#standard-fhd_model"">G83/HS</a>、<a href=""/business-mobile-notebook-s-series/s73hs-mar-2021-13-3-inch/spec.html#standard-fhd_model"">S73/HS</a>"
コンテンツ公開更新のお知らせ ,2021,2021年6月7日,"<a href=""/business/contents/8k-video-editing-system/index.html"">「８K映像編集PCシステム」へ、「よくあるご質問」と「お客さま導入事例」を掲載しました。</a><br>"
新製品ニュース ,2021,2021年5月13日,"<a href=""/press-release/20210513.html"">法人向け高性能タブレットやモバイルノートPCとしても使えるインテル<sup>®</sup> Pentium<sup>®</sup> 搭載の10.1型2in1デタッチャブルPC「dynabook K60」を新たに発売<br>
    －インテル<sup>®</sup> Celeron<sup>®</sup> 搭載「dynabook K50」と合わせて法人向け2in1デタッチャブルPCのラインアップを強化－</a>"
新製品ニュース ,2021,2021年4月14日,"<a href=""/press-release/20210414.html"">ニューノーマル時代に必要なテレワーククラウド環境をワンストップで一括提供するdynaTeams「かんたんテレワーク スターターパック」機能強化により利用中のPC端末も簡単にクラウド化。</a>"
コンテンツ公開更新のお知らせ ,2021,2021年4月14日,"<a href=""/aiotcloud/index.html"">「課題解決見える化ソリューション　Dynabook×AIoTCloud」を公開しました。</a><br>"
新製品ニュース ,2021,2021年4月7日,"<a href=""/press-release/20210407.html"">ニューノーマル時代の働き方を可視化するdynaTeams「Job Canvas」Microsoft Teamsとの連携をはじめとする機能を強化。</a>"
新製品ニュース ,2021,2021年3月2日,"<a href=""/press-release/20210302.html"">ニューノーマル時代の「働き方改革」を実現する、第11世代 インテル<sup>®</sup> CPU搭載モデルなどラインアップを拡充。多様なワークスタイルに、高い先進性能と、高い実用性を。</a><br>
<p>－法人向けPC新商品14機種を発表－</p>"
お知らせ,2021,2021年2月22日,"<a href=""/press-release/20210222.html""> 当社における新型コロナウイルス陽性者の発生について </a><br>"
新製品ニュース ,2021,2021年2月16日,"<a href=""/b/catalog/dbi-270.pdf"" target=""_blank"">「GIGAスクール構想の拡充」にともない、主に高等学校生徒向けの教育用モデルとして、10.1型液晶にインテル<sup>®</sup> Pentium<sup>®</sup> CPUを搭載した2in1デタッチャブルPC「dynabook K60」を拡充。</a>"
お知らせ,2020,2020年12月22日,"<a href=""/info/202012.html""> 新型コロナウイルス対策としてのお手入れについてのご案内</a><br>"
新製品ニュース ,2020,2020年12月11日,"<p>「GIGAスクール構想」学習者用端末の標準仕様<sup style=""vertical-align: super;font-size: 0.5rem;"">※</sup>に準拠<br>
    シャープの通信技術とDynabookのIT技術を融合</p>
<a href=""/press-release/20201211.html"">LTE内蔵「Dynabook Chromebook C1」を共同開発</a>
<p style=""text-indent:-1em; padding-left: 1em; font-size: 0.72rem;line-height: 1.7;margin-top: 1em;color: #666;"">※GIGAスクール構想の実現に向けて各自治体が必要機器などを調達する際の利便性向上を目的に、文部科学省が機器や設備の機能や性能を参考に提示したモデル仕様です。</p>"
コンテンツ公開更新のお知らせ ,2020,2020年11月19日,"<a href=""/business/jirei/ict15/index.html"">お客様事例に「箕面市教育委員会」様を掲載しました。</a><br>"
お知らせ,2020,2020年11月11日,"<a href=""/press-release/20201111.html""> 当社における新型コロナウイルス陽性者の発生について </a><br>"
新製品ニュース ,2020,2020年11月10日,"<a href=""/press-release/20201110-2.html"">第11世代インテル<sup>®</sup> Core™ プロセッサー搭載など、
    新次元の高性能で新しい働き方を加速する法人向けプレミアムモバイルノートPC「dynabook G83」・5in1プレミアムPenノート「dynabook V83」を新発売</a>"
新製品ニュース ,2020,2020年10月22日,"<a href=""/press-release/20201022.html"">Dynabook社のクラウドサービス「dynaCloud」を強化。
    「働き方」の“ニューノーマル”を実践するためのクラウド型ビジネスコミュニケーションサービス
    「dynaCloud Biz」を10月22日よりサービス開始。</a>"
お知らせ,2020,2020年10月22日,"<a href=""/press-release/20201022-2.html""> 当社における新型コロナウイルス陽性者の発生について </a><br>"
コンテンツ公開更新のお知らせ ,2020,2020年10月20日,"<a href=""/business/jirei/ict14/index.html"">お客様事例に「学校法人河原学園」様を掲載しました。</a><br>"
新製品ニュース ,2020,2020年10月19日,"<a href=""/press-release/20201019.html"">ニューノーマル時代に必要なテレワーククラウド環境をワンストップで一括提供<br>
    dynaTeams 「かんたんテレワークスターターパック」</a>"
新製品ニュース ,2020,2020年10月14日,"<a href=""/press-release/20201014.html"">働き方を可視化するクラウドサービス dynaTeams「Job Canvas」を提供開始</a>"
新製品ニュース ,2020,2020年10月13日,"<a href=""/business-desktop-dynadesk-series/dt100-oct-2020-desktop.html"">最新版OS搭載の法人向けデスクトップPCシリーズ「dynaDesk」を投入</a>"
新製品ニュース ,2020,2020年10月12日,"<a href=""/press-release/20201012.html"">GIGAスクール構想の実現に向け、教育ソリューションdynaSchoolシリーズを強化<br>
    児童生徒のアカウント作成・管理を支援する「dynaSchool Account Manager」</a>"
コンテンツ公開更新のお知らせ ,2020,2020年10月8日,"<a href=""/solution/dynacloud/index.html"">
    <p style=""margin-bottom:1em;"">「dynaCloud（オールインワン・クラウドサービス）」ページをリニューアルしました。</p>
</a> <a href=""/solution/dynacloud/dynacloud_backup.html"">
    <p style=""margin-bottom:1em;"">「dynaCloud Backup」を公開しました。</p>
</a> <a href=""/solution/dynacloud/subsidy.html"">
    <p>「助成金が活用できるdynaCloudサービスのご紹介」を公開しました。</p>
</a>"
コンテンツ公開更新のお知らせ ,2020,2020年9月14日,"<a href=""/business/jirei/jirei10/index.html"">お客様事例に「応用地質株式会社 様」を掲載しました。 </a><br>"
新製品ニュース ,2020,2020年9月11日,"<a href=""/press-release/20200911.html"">ニューノーマル時代の働き方改革に向けて、クラウドをベースとした事業を強化 </a><br>
<p>－現場向け作業支援ソリューション「Vision DE Suite バージョン3」がMicrosoft Teamsに対応しシームレスなコミュニケーションを実現－</p>"
新製品ニュース ,2020,2020年8月19日,"<a href=""/press-release/20200819.html"">ノートPC制御による「8K映像編集PCシステム」を発表 </a><br>
<p>－モビリティとパフォーマンスを両立し8K映像編集のワークフローを効率化－</p>"
お知らせ,2020,2020年7月31日,"<a href=""/assistpc/info/2020/btchrg_ctrl.htm""> 【大切なお知らせ】 バッテリー充電制御プログラムの配信について </a><br>"
お知らせ,2020,2020年7月27日,"<a href=""/press-release/20200727.html""> 当社における新型コロナウイルス感染者の発生について </a><br>"
新製品ニュース ,2020,2020年7月20日,"<a href=""/press-release/20200720.html"">新しいワークスタイルにお応えする幅広いラインアップを拡充、第10世代インテルR CPUを搭載した「dynabook G83」など投入 </a><br>
<p>－法人向けノートPC新商品11機種を発表－</p>"
お知らせ,2020,2020年7月20日,"<a href=""/press-release/20200720-1.html""> 当社における新型コロナウイルス感染者の発生について </a><br>"
コンテンツ公開更新のお知らせ ,2020,2020年7月14日,"<a href=""/solution/dynacloud/dynacloud_appone.html"">dynaCloudアプリワンを掲載しました。 </a><br>"
コンテンツ公開更新のお知らせ ,2020,2020年6月30日,"<p><a href=""/business/contents/csp/index.html"">「Microsoft 製品関連ソリューション」を公開しました。</a><br>
    <br>
    <a href=""/business/contents/csp/microsoft365.html"">「Microsoft 365」を公開しました。</a></p>"
コンテンツ公開更新のお知らせ ,2020,2020年6月26日,"<p><a href=""/solution/dynaschool/gigaschool/point.html"">「dynabook GIGAスクールパッケージ」を公開しました。</a><br>
    <br>
    <a href=""/solution/dynaschool/exhibition/index.html"">「GIGA スクールなら Dynabook / オンライン展示会 」を公開しました。</a></p>"
新製品ニュース ,2020,2020年6月11日,"<a href=""/press-release/20200611.html"">Dynabook社のクラウドサービス「dynaCloud」を強化。「働き方」の“New Normal”を実践するためのクラウド勤怠管理「dynaCloud 勤怠 powered by KING OF TIME」を6月11日よりサービス開始。 </a><br>"
お知らせ,2020,2020年4月24日,"<a href=""/press-release/20200424.html""> 当社における新型コロナウイルス感染者の発生について </a><br>"
お知らせ,2020,2020年3月18日,"【サービス一時停止のお知らせ】 <br>
以下の期間、システムメンテナンスのためサービスを停止いたします。 <br>
2020年3月22日（日）21:00 ～ 3月23日（月）9：00 （終了予定） <br>
お客様にはご不便をおかけいたしますが、何卒ご理解の程よろしくお願いいたします。"
新製品ニュース ,2020,2020年1月23日,"<p><a href=""/press-release/20200123.html"">15.6型大画面ながら薄型・軽量ボディを実現し、第10世代インテルR CPUや「Wi-Fi 6」などの先進技術を搭載した、大画面スリムモバイルPC「dynabook P55」など、法人向け新商品の発売について<br>
</a><br>
    <a href=""../../solution/dynateams/index.index""></a><a href=""/solution/dynateams/index.html"">新・働き方改革推進ソリューション 「dynaTeams」を商品化。<br>
        ~働く上でのコミュニケーションを効率化し、インタラクティブな活用により<br>
        オフィスの生産性を高めるスマートワーク・ソリューション~</a></p>"
お知らせ,2019,2019年12月26日,"<a href=""/content/dam/pcs/jp/ja/dynabook-b2c/individual/images/20191226.pdf"" target=""_blank""> Dynabookは米国の家電見本市「CES2020」にて、8K映像編集PCシステムを参考出展いたします。 <i class=""dbk-ico dbk-ico--window""> <img src=""/etc/designs/common/clientlibs/img/icon_link_01.svg"" alt=""別ウィンドウで開く""> </i> </a><br>"
新製品ニュース ,2019,2019年11月29日,"<p><a href=""/solution/outsourcing/office_365_proplus/index.html"">Office 365 ProPlusの展開・更新管理を支援する「Microsoft Office 365 ProPlusワークショップ／Office 365 ProPlus展開支援サービス」を開始</a><br>
    <br>
    <a href=""/solution/outsourcing/teams/index.html"">人と仕事を効率的に繋げてひとつ上のチームワークを実現する「Microsoft Teams 導入支援サービス／Microsoft Teams ヘルプデスクサービス」を開始</a></p>"
新製品ニュース ,2019,2019年10月29日,"<a href=""/press-release/20191029.html"">コンパクトで高性能、キーボードで操作快適、タブレットとしてもモバイルノートとしても使える10.1型２in1デタッチャブルPC「dynabook K50」を新発売 </a><br>"
お知らせ,2019,2019年10月23日,"<a href=""https://jp.sharp/business/ebt/"" target=""_blank""> 12月4日、5日開催のシャープビジネスフォーラムに出展いたします。 <i class=""dbk-ico dbk-ico--window""> <img src=""/etc/designs/common/clientlibs/img/icon_link_01.svg"" alt=""別ウィンドウで開く""> </i> </a><br>"
お知らせ,2019,2019年8月30日,"<a href=""https://www.sma-fac-nagoya.jp/"" target=""_blank""> 9月18日～20日開催の第2回[名古屋]スマート工場EXPOに出展致します。 <i class=""dbk-ico dbk-ico--window""> <img src=""/etc/designs/common/clientlibs/img/icon_link_01.svg"" alt=""別ウィンドウで開く""> </i> </a><br>"
新製品ニュース ,2019,2019年8月19日,"<a href=""/business-desktop-dynadesk-series/dt100-aug-2019-desktop.html"">「Windows 10 May 2019 Update」を適用した法人向けデスクトップPC「dynaDesk」を発売 </a><br>"
お知らせ,2019,2019年8月9日,"<a href=""https://jp.sharp/business/ebo/"" target=""_blank""> 9月10日、11日開催のシャープビジネスフォーラムに出展いたします。 <i class=""dbk-ico dbk-ico--window""> <img src=""/etc/designs/common/clientlibs/img/icon_link_01.svg"" alt=""別ウィンドウで開く""> </i> </a><br>"
コンテンツ公開更新のお知らせ ,2019,2019年8月6日,"<a href=""/business/seminar/190709/report/index.html"">「dynabook Day 2019 Seminar Report」を公開しました。 </a><br>"
コンテンツ公開更新のお知らせ ,2019,2019年7月19日,"<a href=""/business/seminar/190709/index.html"">「dynabook Day 2019 デジタル展示会」を公開しました。 </a><br>"
新製品ニュース ,2019,2019年7月9日,"<a href=""/press-release/20190709.html"">Dynabookがサービス事業を拡大し、2021年度中の国内株式市場への上場をめざしてまいります。 </a><br>"
新製品ニュース ,2019,2019年7月8日,"<a href=""/press-release/20190708.html"">働き方改革をサポートするモバイルノートPCなど、法人向けラインアップを強化 </a><br>"
新製品ニュース ,2019,2019年7月2日,"<a href=""/press-release/20190702.html"">作業支援ソリューション「Vision DE Suite」の機能拡充について </a><br>"
お知らせ,2019,2019年6月18日,"<a href=""/content/dam/pcs/jp/ja/dynabook-b2c/press-release/images/20190618.pdf"" target=""_blank""> Dynabook 台湾にて展示会開催 <br>
    －ブランド海外展開を促進－ <i class=""dbk-ico dbk-ico--window""> <img src=""/etc/designs/common/clientlibs/img/icon_link_01.svg"" alt=""別ウィンドウで開く""> </i> </a><br>"
新製品ニュース ,2019,2019年5月30日,"<p>顔認証を標準で装備し、インテルR vPro?テクノロジーを選択可能な15.6型ビジネスノートPCを新発売<a href=""/business-notebook-b-series/b75mc-may-2019-15-6-inch.html"">（dynabook B75/MC）</a><br>
    <br>
    顔認証を標準で装備し、SOHO・個人事業主様に最適な15.6型ビジネスノートPCを新発売<a href=""/business-notebook-b-series/b55mc-may-2019-15-6-inch.html"">（dynabook B55/MC）</a></p>"
コンテンツ公開更新のお知らせ ,2019,2019年5月29日,"<a href=""/business/seminar/190709/index.html"">「dynabook Day 2019～コンピューティングとサービスを通じて世界を変える～」を公開しました。 </a><br>"
コンテンツ公開更新のお知らせ ,2019,2019年3月26日,"<a href=""/business/contents/blog/is/vol1.html"">「情シスの課題解決」を公開しました。 </a><br>"
新製品ニュース ,2019,2019年3月25日,"<a href=""/press-release/20190325.html"">法人向けデスクトップPC新シリーズ「dynaDesk」1機種14モデルの発売について </a><br>"
コンテンツ公開更新のお知らせ ,2019,2019年3月5日,"<a href=""/business/contents/blog/telework/vol1.html"">「働き方改革・テレワーク」を公開しました。 </a><br>"
お知らせ,2019,2019年2月15日,"<a href=""https://peatix.com/event/602461/view"" target=""_blank""> スタートアップ企業向け　2日間で学ぶモノづくりの基礎的な研修プログラム＠立川 <i class=""dbk-ico dbk-ico--window""> <img src=""/etc/designs/common/clientlibs/img/icon_link_01.svg"" alt=""別ウィンドウで開く""> </i> </a><br>"
新製品ニュース ,2019,2019年2月1日,"<a href=""/business-desktop-equium-series/4110-feb-2019-desktop.html"">「Windows 10 October 2018 Update」を適用した法人向けデスクトップPCを発売 </a><br>"
新製品ニュース ,2019,2019年1月17日,"<a href=""/press-release/20190117.html"">店頭向けおよび法人向け2019年PC春モデルの発売について </a><br>
<p>dynabookブランド誕生30周年記念モデル「dynabook G」シリーズを商品化</p>"
お知らせ,2019,2019年1月9日,"<a href=""/solution/dynaschool/event/masudashi-project190215/index.html""> 益田市・東京学芸大学・Dynabook株式会社による実証研究事業 成果発表会を開催いたします。 </a><br>"
コンテンツ公開更新のお知らせ ,2018,2018年12月25日,"<a href=""/business/contents/Win10_lifecycle_solution/blog/vol3.html"">「Windows 10移行、成功の鉄則」を公開しました。 </a><br>"
コンテンツ公開更新のお知らせ ,2018,2018年12月20日,"<a href=""/business/contents/Win10_lifecycle_solution/blog/vol2.html"">「Windows 10に移行せず、Windows 7を使い続けた結末は？」を公開しました。 </a><br>"
コンテンツ公開更新のお知らせ ,2018,2018年12月11日,"<a href=""/business/contents/Win10_lifecycle_solution/blog/vol1.html"">「シリーズ：Windows 10移行最終案内――「2020年」をリスクにしないための提言」を公開しました。 </a><br>"
お知らせ,2018,2018年12月3日,"<a href=""http://www.toshiba-tcs.co.jp/press/181203.html"" target=""_blank""> 新社名に関するお知らせ~コンピューティングとサービスを通じて世界を変える~ <i class=""dbk-ico dbk-ico--window""> <img src=""/etc/designs/common/clientlibs/img/icon_link_01.svg"" alt=""別ウィンドウで開く""> </i> </a><br>"
コンテンツ公開更新のお知らせ ,2018,2018年10月26日,"<a href=""/business-2in1-notebook/d83j-jul-2018-model/index.html"">dynabook D83の機能・性能を詳しく紹介したD83シリーズページを公開しました。 </a><br>"
コンテンツ公開更新のお知らせ ,2018,2018年10月18日,"<a href=""/content/dam/pcs/jp/ja/dynabook-b2b/solution/dynaschool/images/pdf/dynaSchool-20181018.pdf"" target=""_blank"">弊社dynaSchool製品の「Windows 10 RS5(バージョン1809)」対応について(PDF:131KB) <i class=""dbk-ico dbk-ico--window""> <img src=""/etc/designs/common/clientlibs/img/icon_link_01.svg"" alt=""別ウィンドウで開く""> </i> </a><br>"
コンテンツ公開更新のお知らせ ,2018,2018年10月4日,"<a href=""/business/mecd/developer/index.html"">dynaEdge　開発者向け情報ページを更新しました。 </a><br>"
お知らせ,2018,2018年10月1日,"<a href=""http://www.toshiba-tcs.co.jp/press/181001.html"" target=""_blank""> 新生「東芝クライアントソリューション」が事業開始 <i class=""dbk-ico dbk-ico--window""> <img src=""/etc/designs/common/clientlibs/img/icon_link_01.svg"" alt=""別ウィンドウで開く""> </i> </a><br>"
コンテンツ公開更新のお知らせ ,2018,2018年9月12日,"<a href=""/content/dam/pcs/jp/ja/dynabook-b2b/solution/dynaschool/lineup/images/recovery/dynaSchool-Recovery20180912.pdf"" target=""_blank"">Windows 10 RS4（バージョン1803）対応「dynaSchool Recovery」リリースのお知らせ（PDF：132KB)を掲載しました。 <i class=""dbk-ico dbk-ico--window""> <img src=""/etc/designs/common/clientlibs/img/icon_link_01.svg"" alt=""別ウィンドウで開く""> </i> </a><br>"
コンテンツ公開更新のお知らせ ,2018,2018年8月20日,"<a href=""/business/mecd/developer/index.html"">dynaEdge　開発者向け情報ページを更新しました。 </a><br>"
コンテンツ公開更新のお知らせ ,2018,2018年8月10日,"<a href=""/business/seminar/180710/report/index.html"">「TOSHIBA dynabook Day 2018 Seminar Report」を公開しました。 </a><br>"
新製品ニュース ,2018,2018年7月30日,"<a href=""/business-desktop-equium-series/4100-jul-2018-desktop.html"">インテル社製第7世代プロセッサー搭載でSSDを選択できる法人向けデスクトップPCを新発売 </a><br>"
お知らせ,2018,2018年7月10日,"<a href=""/press-release/20180710.html""> 有村架純さん出演のdynabook 新CMが公開開始 </a><br>"
新製品ニュース ,2018,2018年7月9日,"<a href=""/press-release/20180709.html"">ビジネスでの多様なニーズに対応するモバイルノートPCなど、法人向けラインアップを強化 </a><br>"
コンテンツ公開更新のお知らせ ,2018,2018年6月30日,"<a href=""/business/contents/workstyle/mynavi.html"">お客様事例に「株式会社マイナビ 様」を掲載しました。 </a><br>"
コンテンツ公開更新のお知らせ ,2018,2018年6月25日,"<a href=""/business/jirei/sol01/index.html"">お客様事例に「株式会社カナモト 様」を掲載しました。 </a><br>"
お知らせ,2018,2018年6月22日,"<a target=""_blank"" href=""http://dynabook.com/assistpc/info/2018/201806_aca.htm"">
    <div>
        <ul>
            <li style=""background: url(/content/dam/pcs/jp/ja/dynabook-b2c/individual/images/banner/icon_red.png) no-repeat;padding-left: 30.0px;line-height: 1.6em;""> <b>重要なお知らせ</b><br>
                東芝製パソコン用ＡＣアダプターの交換・回収について（発煙・発火の恐れ）<i class=""dbk-ico dbk-ico--window""><img alt=""別ウィンドウで開く"" src=""/etc/designs/common/clientlibs/img/direct_kakaku/icon_link_01.svg""></i> </li>
        </ul>
    </div>
</a>"
コンテンツ公開更新のお知らせ ,2018,2018年6月11日,"<a href=""/business/seminar/180710/index.html"">「TOSHIBA dynabook Day～未来を考え、創り、拡げる～」を公開しました。 </a><br>"
新製品ニュース ,2018,2018年5月14日,"<a href=""/business-tablet-s-series/s80f-may-2018-10-1-inch-pen-tablet.html"">「Windows 10 Fall Creators Update」を適用したタブレットを新発売 </a><br>"
コンテンツ公開更新のお知らせ ,2018,2018年4月20日,"<a href=""/business/mecd/index.html#ancMovie"">「Edge for the future -dynaEdge-」に動画を掲載しました。 </a><br>"
コンテンツ公開更新のお知らせ ,2018,2018年4月11日,"<a href=""/solution/dynaschool/event/edix2018/index.html"">第9回教育ITソリューションEXPO「EDIX 2018」の出展情報を公開しました。 </a><br>"
コンテンツ公開更新のお知らせ ,2018,2018年3月29日,"<a href=""/business/contents/Win10_lifecycle_solution/norikaeru/index.html"">「東芝でWindows 10に乗りカエル」を掲載しました。 </a><br>"
新製品ニュース ,2018,2018年3月22日,"<a href=""/business-mobile-notebook-r-series/r63h-mar-2018-13-3-inch.html"">最新のインテル社製第８世代プロセッサー搭載したモバイルノートPC「dynabook R63/H｣を発売 </a><br>"
新製品ニュース ,2018,2018年2月20日,"<a href=""/business-desktop-equium-series/4080-feb-2018-desktop.html"">「Windows 10 Fall Creators Update」を適用した法人向けデスクトップPCを新発売 </a><br>"
コンテンツ公開更新のお知らせ ,2018,2018年2月1日,"<a href=""/business/contents/workstyle/womenomics/01_lecture.html"">「情報システム担当者が知っておくべきウーマノミクス 前編「ウーマノミクスとは」」を掲載しました。 </a><br>"
新製品ニュース ,2018,2018年1月23日,"<a href=""/press-release/20180123.html"">最新のインテル社製第８世代プロセッサー搭載モデルなど法人向けノートPCを発売 </a><br>"
新製品ニュース ,2018,2018年1月23日,"<a href=""/press-release/20180123.html"">最新のインテル社製第８世代プロセッサー搭載モデルなど法人向けノートPCを発売 </a><br>"
お知らせ,2018,2018年1月18日,"<a href=""/solution/dynaschool/event/masudashi-project180216/index.html""> 益田市・東京学芸大学・東芝クライアントソリューションによる実証研究事業 成果発表会を開催いたします。 </a><br>"
新製品ニュース ,2017,2017年10月25日,"<a href=""/press-release/20171025.html"">名刺情報管理サービス「dynaCloud Cardbox powered by 名刺バンク」と東芝テック製複合機の両面同時原稿送り装置との連携サービスを開始 </a><br>"
お知らせ,2017,2017年9月29日,"<a href=""/business/trial-campaign/170929/index.html""> DE100 Intel UniteR ソリューション対応モデル 無償貸出キャンペーン実施中 </a><br>"
新製品ニュース ,2017,2017年9月13日,"<a href=""/press-release/20170913.html"">USBブート型シンクライアント「Virtual Connect」の受注開始について </a><br>"
コンテンツ公開更新のお知らせ ,2017,2017年9月11日,"<a href=""/business/jirei/jirei09/index_j.html"">お客様事例に「学校法人 鶴学園 広島工業大学 様」を掲載しました。 </a><br>"
コンテンツ公開更新のお知らせ ,2017,2017年9月6日,"<a href=""/business/seminar/170825/index.html"">働き方改革ソリューション　セミナーレポートを公開しました。 </a><br>"
新製品ニュース ,2017,2017年8月23日,"<a href=""/press-release/20170823.html"">エッジコンピューティングを加速する高性能小型デバイス「DE100」の発売について </a><br>"
お知らせ,2017,2017年8月18日,"<a href=""/press-release/20170818.html""> 有村架純さん出演のdynabook 新TVCM がON AIR開始 </a><br>"
新製品ニュース ,2017,2017年8月9日,"<a href=""/business-tablet-s-series/index.html"">「Windows 10 Creators Update」を適用したタブレット3機種を新発売 </a><br>"
お知らせ,2017,2017年7月21日,"<a href=""/business/seminar/170825/index.html""> 【参加無料】「働き方改革ソリューション」セミナーのお申込みを開始しました。 </a><br>"
お知らせ,2017,2017年7月20日,"<a href=""/press-release/20170720.html""> dynabookの広告イメージキャラクターに有村架純さんを起用 </a><br>"
新製品ニュース ,2017,2017年7月10日,"<a href=""/business-desktop-equium-series/4070-jul-2017-desktop.html"">「Windows 10 Creators Update」を適用した法人向けデスクトップPCを新発売 </a><br>"
新製品ニュース ,2017,2017年6月27日,"<a href=""/press-release/20170627.html"">薄型・軽量・堅牢ボディの法人向け13.3型モバイルノートPCを発売 </a><br>"
コンテンツ公開更新のお知らせ ,2017,2017年6月26日,"<a href=""/business/contents/Win10_lifecycle_solution/interview/index.html"">「エグゼクティブ・インタビュー Windows 10 を導入させるカギは？」を掲載致しました。 </a><br>"
コンテンツ公開更新のお知らせ ,2017,2017年6月26日,"<a href=""/business/contents/Win10_lifecycle_solution/index.html"">「Windows 10 ライフサイクルソリューション」を掲載致しました。 </a><br>"
コンテンツ公開更新のお知らせ ,2017,2017年6月15日,"<a href=""/business/contents/Win10_lifecycle_solution/planning/index.html"">「Windows 10 導入計画支援サービス」を掲載致しました。 </a><br>"
コンテンツ公開更新のお知らせ ,2017,2017年6月13日,"<p><a href=""/business/contents/workstyle/canon-jirei.html"">dynabookがサポートする働き方改革に、<br>
    「お客様事例｜キヤノンマーケティングジャパン株式会社 様」を掲載しました。</a></p>"
お知らせ,2017,2017年5月17日,"<a href=""http://dynabook.com/assistpc/info/2017/201705icpu.htm""> インテル社ファームウエアの脆弱性に関して </a><br>"
コンテンツ公開更新のお知らせ ,2017,2017年4月27日,"<a href=""/individual/mil/index.html"">「アメリカ国防総省制定MIL規格（MIL-STD-810G）に準拠したテストをクリア」を公開しました。 </a><br>"
お知らせ,2017,2017年4月25日,"<a href=""/business/trial-campaign/170301/index.html""> 【期間延長】第4弾 Windows 10 検証用PC 無償貸出しキャンペーン実施中 </a><br>"
お知らせ,2017,2017年2月23日,"<a href=""http://dynabook.com/assistpc/info/2017/20170223.htm""> 省エネ法に基づくエネルギー消費効率の表示訂正について </a><br>"
お知らせ,2017,2017年2月21日,"<a href=""/business/info/20170221.html""> ビジネスノートPC総合カタログに関する誤記のお詫びと訂正のご案内 </a><br>"
コンテンツ公開更新のお知らせ ,2017,2017年2月2日,"<p><a href=""/business/jirei/ict08/index.html"">お客様事例に、島根県益田市教育委員会 様<br>
    「タブレットがもたらす新しい学びのカタチ」を掲載しました。</a></p>"
新製品ニュース ,2017,2017年1月20日,"<a href=""/press-release/20170120.html"">第6世代CPU搭載の法人向けデスクトップPCを新発売 </a><br>"
新製品ニュース ,2017,2017年1月19日,"<a href=""/press-release/20170119.html"">高速CPU搭載の2in1コンバーチブルPCを法人向けに新発売（dynabook VC72） </a><br>"
新製品ニュース ,2017,2017年1月19日,"<a href=""/press-release/dynaschool/20170119.html"">教育市場に向けた協働学習支援アプリケーション「dynaSchool TruNote Classroom」を発売。 </a><br>"
コンテンツ公開更新のお知らせ ,2017,2017年1月11日,"<a href=""/business/contents/workstyle/whitepaper/index.html"">「「働き方改革」白書 「働き方改革」の実現に欠かせないものは何か？～制度・意識・デバイス、それぞれの角度から洗い出す～」を掲載致しました。 </a><br>"
コンテンツ公開更新のお知らせ ,2017,2017年1月11日,"<a href=""/business/contents/workstyle/index.html"">「dynabookがサポートする働き方改革」を掲載致しました。 </a><br>"
コンテンツ公開更新のお知らせ ,2017,2017年1月11日,"<a href=""/business/contents/workstyle/course/vol1.html"">「働き方改革講座 働き方の本質とはなにか？」を掲載致しました。 </a><br>"
新製品ニュース ,2016,2016年12月20日,"<a href=""/press-release/20161220.html"">ビジネス・教育市場にペン入力対応のタブレット２機種を新発売 </a><br>"
お知らせ,2016,2016年11月30日,"<a href=""/business/info/161130.html""> 東芝クラウドクライアントマネージャー（TSCM）サービス終了のお知らせ </a><br>"
新製品ニュース ,2016,2016年11月29日,"<a href=""/press-release/20161129.html"">第6世代CPU搭載の法人向けパソコン・タブレット計８モデルを新発売 </a><br>"
お知らせ,2016,2016年11月10日,"<a target=""_blank"" href=""https://batterycheck.dynabook.com/BatteryUpdate/InformationJapan?region=TJPN&amp;country=JP"">
    <div>
        <ul>
            <li style=""background: url(/content/dam/pcs/jp/ja/dynabook-b2c/individual/images/banner/icon_red.png) no-repeat;padding-left: 30.0px;line-height: 1.2em;""><b>重要なお知らせ</b><br>
                【新たなお願い】東芝製ノートパソコンに搭載のバッテリーパックの交換・回収について（発火の恐れ）<i class=""dbk-ico dbk-ico--window""><img alt=""別ウィンドウで開く"" src=""/etc/designs/common/clientlibs/img/direct_kakaku/icon_link_01.svg""></i></li>
        </ul>
    </div>
</a>"
コンテンツ公開更新のお知らせ ,2016,2016年9月30日,"<a href=""/business/jirei/ict07/index.html"">お客様事例に「三重県朝日町立朝日中学校 様」を掲載しました。 </a><br>"
コンテンツ公開更新のお知らせ ,2016,2016年9月20日,"<a href=""/business/contents/dairokusedai-lineup/mailmagazine.html"">「Windows 10に最適なビジネスPCを選ぶなら最新CPUを搭載したビジネスPC」を掲載致しました。 </a><br>"
新製品ニュース ,2016,2016年7月13日,"<a href=""/press-release/20160713.html"">法人向けモデルでOffice 2016選択可能モデルを拡充 </a><br>"
コンテンツ公開更新のお知らせ ,2016,2016年7月12日,"<a href=""/business/contents/whitepaper/windows10.html"">「企業におけるWindows１０への対応状況  」を掲載致しました。 </a><br>"
お知らせ,2016,2016年5月31日,"<a href=""/business/info/160531.html""> 東芝クラウドクライアントマネージャー（TCCM）サービス終了のお知らせ </a><br>"
お知らせ,2016,2016年5月24日,"<a href=""/business/seminar/160621/index.html""> 【参加無料】「事例に学ぶタブレット活用の実態！」セミナーのお申込み受付を開始しました。 </a><br>"
お知らせ,2016,2016年4月28日,"<a href=""http://dynabook.com/assistpc/info/service/prcs.htm""> 平成28年熊本地方の地震に係る被害地域　特別修理サービスについて </a><br>"
新製品ニュース ,2016,2016年4月21日,"<a href=""/press-release/20160421.html"">最新の第6世代CPUを搭載した
    15.6型ビジネスノートなどの発売について </a><br>"
新製品ニュース ,2016,2016年4月12日,"<a href=""/press-release/20160412.html"">業務の生産性向上を追求した法人向けタブレット「dynabook Tab S80/A」を発売 </a><br>"
コンテンツ公開更新のお知らせ ,2016,2016年4月1日,"<a href=""/business/contents/laboratory-tour/index.html"">「Discover dynabook Quality -Laboratory Tour with Robert Campbell-」を掲載致しました。 </a><br>"
お知らせ,2016,2016年3月24日,"<a href=""/press-release/20160324.html""> 新会社への個人情報移転について </a><br>"
コンテンツ公開更新のお知らせ ,2016,2016年3月14日,"<a href=""/business-tablet-s-series/s92-oct-2015-12-0-inch-pen-tablet/trial-campaign.html"">「12型Windows タブレット dynaPad S92 トライアルキャンペーン」を掲載致しました。 </a><br>
<p><a href=""/business/detail/rugby-interview.html""></a></p>"
お知らせ,2016,2016年3月7日,"<a href=""http://www.toshiba-tie.co.jp/press/160307.html"" target=""_blank""> タブレット活用クラウドソリューション「dynaCloud seap」の販売を開始 <i class=""dbk-ico dbk-ico--window""> <img src=""/etc/designs/common/clientlibs/img/icon_link_01.svg"" alt=""別ウィンドウで開く""> </i> </a><br>"
コンテンツ公開更新のお知らせ ,2016,2016年2月26日,"<p><a href=""/business/detail/rugby-interview.html"">「東芝ビジネスＰＣスペシャルインタビュー　東芝ラグビー部（日本代表）リーチ・マイケル選手、大野均選手に聞く　世界で勝てる組織の強さとリーダーの在り方」</a>を掲載致しました。</p>"
お知らせ,2016,2016年1月28日,"<a target=""_blank"" href=""https://batterycheck.dynabook.com/BatteryUpdate/InformationJapan?region=TJPN&amp;country=JP"">
    <div>
        <ul>
            <li style=""background: url(/content/dam/pcs/jp/ja/dynabook-b2c/individual/images/banner/icon_red.png) no-repeat;padding-left: 30.0px;line-height: 1.2em;""><b>重要なお知らせ</b><br>
                2016年1月28日 東芝製ノートパソコンに搭載のバッテリーパックの交換・回収について（発火の恐れ）<i class=""dbk-ico dbk-ico--window""><img alt=""別ウィンドウで開く"" src=""/etc/designs/common/clientlibs/img/direct_kakaku/icon_link_01.svg""></i>＊2016年3月1日 交換対象製品の改訂</li>
        </ul>
    </div>
</a>"
新製品ニュース ,2016,2016年1月21日,"<a href=""/press-release/20160121.html"">最新第6世代CPU搭載のvPro対応モデルを発売します。同時にWindows 7 Professional 32/64ビット（Windows10 Proダウングレード）搭載モデルも発売します。 </a><br>"
お知らせ,2015,2015年12月17日,"<a href=""http://www.toshiba-tie.co.jp/press/151217.html"" target=""_blank""> クライアント暗号化ソリューションに、リモート操作によるデータ消去機能を追加 <i class=""dbk-ico dbk-ico--window""> <img src=""/etc/designs/common/clientlibs/img/icon_link_01.svg"" alt=""別ウィンドウで開く""> </i> </a><br>"
お知らせ,2015,2015年12月10日,"<a href=""/press-release/20151210.html""> Windowsタブレット「dynabook Tab S80」約3万台を進学塾 佐鳴予備校向けに納入 </a><br>"
お知らせ,2015,2015年11月18日,"<a href=""/press-release/20151118.html""> 「dynaPad S92」仕様変更のご連絡とお詫び </a><br>"
新製品ニュース ,2015,2015年11月17日,"<a href=""/press-release/20151117.html"">13.3型モバイルPC「dynabook R73」ほか、最新のインテル第6世代CPU搭載モデル6機種を発表しました。 </a><br>"
新製品ニュース ,2015,2015年10月13日,"<a href=""/business-tablet-s-series/s92-oct-2015-12-0-inch-pen-tablet.html"">法人向けに12型液晶搭載で世界最薄6.9mm・最軽量約579gのWindowsペンタブレット「dynaPad S92」を発表しました。 </a><br>"
新製品ニュース ,2015,2015年8月6日,"<a href=""/pc/support/press/20150806.htm"">「Windows 10　Pro を搭載した法人向けタブレットとノートPC ８機種を発売」を発表しました。 </a><br>"
新製品ニュース ,2015,2015年7月13日,"<a href=""/pc/support/press/20150713.htm"">低消費電力モデルを拡充。15.6型ビジネスノート「dynanbook Satellite シリーズ」を発表しました。 </a><br>"
コンテンツ公開更新のお知らせ ,2015,2015年7月3日,"<a href=""/pc/business/mynumber/index_j.htm"">「マイナンバー制度対応に向け、ITシステムの情報漏えい対策強化を！」</a>を掲載しました。<br>
<a href=""/pc/business/mynumber/seminar/index_j.htm"">【セミナー情報】「今、企業が押さえておくべき3つのポイント講座 Windows10、マイナンバー実務、情報漏えい対策」</a>を 掲載致しました。"
コンテンツ公開更新のお知らせ ,2015,2015年6月22日,"<a href=""/pc/catalog/satellit/isv_inf/index_j.htm"">モバイルワークステーションdynabook Satellite WS754/M 動作確認済みソフトウェア</a>に、福井コンピュータアーキテクト ARCHITREND ZERO、GLOOBE、福井コンピュータ　TREND-CORE、TREND-POINTを追加しました。"
新製品ニュース ,2015,2015年6月4日,"<a href=""/pc/support/press/20150604.htm"">法人向けノートPCと暗号化ソフトを発表しました。 </a><br>"
新製品ニュース ,2015,2015年3月9日,"<a href=""https://www.toshiba.co.jp/about/press/2015_03/pr_j0901.htm"" target=""_blank"">法人向けに世界最軽量*1約699g*2の12.5型Windowsタブレット「RT82」を発売 <i class=""dbk-ico dbk-ico--window""> <img src=""/etc/designs/common/clientlibs/img/icon_link_01.svg"" alt=""別ウィンドウで開く""> </i> </a><br>
<p>＊1 12.5型 Windowsタブレットとして。2015年3月13日発売予定。当社調べ。Clear SuperView 液晶搭載モデルのみ。</p>
<p>＊2：質量は、選択していただく構成によって異なります。</p>"
新製品ニュース ,2015,2015年2月9日,"<a href=""/pc/support/press/20150209.htm"">ビジネス向け新ノートPC/デスクトップを発表しました。 </a><br>"
